age,rank,worth
47,41,4.7
66,60,3.9
-1,122,2.6
-1,136,2.5
34,145,2.5
-1,156,2.3
-1,162,2.2
40,164,2.2
-1,187,2
-1,190,2
63,225,1.8
12,258,1.5
-1,282,1.4
50,294,1.4
59,322,1.2
-1,325,1.2
-1,383,1
61,388,1
-1,404,1
-1,405,1